layer,cos_safe_d,cos_all_d,cos_safe_all,harm_clean,harm_after_safe,harm_after_all,ref_after_safe,ref_after_all
1,0.16631299257278442,0.4417828917503357,0.7979065775871277,0.68859375,0.67875,0.6440625,0.521756329113924,0.9721782700421941
2,-0.0726098120212555,0.1742684692144394,0.7727964520454407,0.7696875,0.76890625,0.7678125,0.5290084388185654,0.9874736286919831
3,0.027420926839113235,0.27899181842803955,0.7697052955627441,0.7893749999999998,0.79078125,0.79140625,0.44356540084388185,0.9854298523206751
4,-0.15562719106674194,0.2440224438905716,0.7103664875030518,0.8092187499999999,0.8040625,0.7992187500000001,0.6313291139240507,0.9851002109704642
5,-0.09358211606740952,0.3250143826007843,0.714631199836731,0.8010937499999999,0.799375,0.7943749999999999,0.5552808544303798,0.9876054852320676
6,-0.23921816051006317,0.3173205852508545,0.6053942441940308,0.7826562499999999,0.7928124999999999,0.78625,0.4558939873417721,0.989121835443038
7,-0.17659983038902283,0.35893094539642334,0.6213433742523193,0.78625,0.8204687499999999,0.815,0.6197916666666666,0.9897151898734178
8,-0.0523269847035408,0.41883647441864014,0.6925936937332153,0.8184375,0.82734375,0.8125,0.49604430379746833,0.9897151898734177
9,0.07907365262508392,0.46406686305999756,0.7535572052001953,0.85765625,0.8367187500000001,0.8243749999999999,0.5751911919831223,0.988792194092827
10,0.16642242670059204,0.5030241012573242,0.7702980041503906,0.8837499999999999,0.85828125,0.8484375,0.5905195147679325,0.9886603375527426
11,0.3208596706390381,0.6246767044067383,0.8024619221687317,0.9028124999999999,0.871875,0.84796875,0.5154272151898734,0.9885944092827004
12,0.4071851074695587,0.6753265261650085,0.8497190475463867,0.9065624999999999,0.87828125,0.8651562500000001,0.47956223628691985,0.9902426160337553
13,0.48971977829933167,0.7277608513832092,0.8836713433265686,0.93203125,0.90515625,0.8806249999999999,0.4479166666666667,0.9941323839662448
14,0.573468029499054,0.8046531677246094,0.8923450708389282,0.95609375,0.95359375,0.9359375,0.5050435126582278,0.9982858649789029
15,0.670195460319519,0.829072117805481,0.9321437478065491,0.94703125,0.9470312500000001,0.93578125,0.6017273206751055,0.9954509493670887
16,0.7482913732528687,0.8408176898956299,0.9651316404342651,0.95859375,0.955,0.94484375,0.5451279008438817,0.9975606540084387
17,0.8253000974655151,0.8806753158569336,0.9781368970870972,0.95875,0.9548437500000001,0.9432812500000001,0.43931302742616035,0.999011075949367
18,0.8416585326194763,0.8844237327575684,0.9850313663482666,0.9596875,0.95421875,0.94640625,0.6576344936708861,0.9986155063291139
19,0.8871682286262512,0.9178832769393921,0.9906654953956604,0.9595312500000001,0.951875,0.9442187499999999,0.40107463080168776,0.9992747890295358
20,0.8582617044448853,0.8934550285339355,0.991111159324646,0.9606250000000001,0.9609375,0.95546875,0.4516416139240506,0.9983517932489452
21,0.847786545753479,0.8852986097335815,0.9917200207710266,0.9589062500000001,0.9571875000000001,0.9553125,0.5121967299578059,0.9943301687763713
22,0.8555433750152588,0.8876268267631531,0.9941583275794983,0.96,0.95875,0.95609375,0.4699367088607595,0.9978243670886077
23,0.8613137006759644,0.8868389129638672,0.99637770652771,0.95921875,0.95640625,0.95484375,0.5518525843881856,0.9961761603375527
24,0.8597258925437927,0.8849945068359375,0.9965201616287231,0.9621875,0.95703125,0.9540625,0.4945279535864979,0.996242088607595
25,0.8649998903274536,0.88997483253479,0.9966327548027039,0.9606250000000001,0.9578125,0.9553125,0.4627834915611815,0.9969013713080168
26,0.8650177717208862,0.8893631100654602,0.9971324801445007,0.96296875,0.9579687499999999,0.955625,0.41119462025316456,0.9947916666666667
27,0.8460760712623596,0.8741737604141235,0.9967114329338074,0.9589062500000001,0.95640625,0.9540625,0.46446466244725737,0.9958465189873418
28,0.8004477024078369,0.8413178324699402,0.9951590895652771,0.96140625,0.95484375,0.9603125,0.5677412974683543,0.9953190928270044
